{
      "msg": {
        "COMMENT": "USE THE NAME AND THE ID IN MSG, EXAMPLE: ⬜ --> <:progressbar_left_filled:818558865268408341>",
    
        "ERROR" : "❌",
        "SUCCESS" : "✅",
        "ARROW": "<a:arrow:902237053008351273>",

       "prem": "<:perms:902237284076757053>",
       "DurationLine": "✅", 
        "disabled" : "❌",
        "enabled" : "✅",
        "Playing": "🎶",
        "loading": "🔎",
        "title": "✅",
        "region": "🌐",
        "varlevel": "🔒",
        "rules": "✅",
        "channels": "✅",
        "afk": "✅",
        "id": "✅",
        "crown": "✅",
        "atime": "✅",
        "afktimeout": "✅",
        "defaultnotifications": "🔔",
        "partnered": "✅",
        "verified": "✅",
        "calendar": "<:user:902424997522440232>",
        "roles": "<:user:902424997522440232>",
        "users": "<:user:902424997522440232>",
        "boost": "✅",
    		"dnd": "<a:milky_dnd:885025509501698068>",
    		"idle": "<a:milky_idle:885025497631830037>",
    		"online": "<a:milky_online:885025472235319326>",
    		"offline": "<a:milky_off:885025485824880700>",
  
        "progress_bar": {
          "emptybeginning": "[",
          "emptyend": "]",
          "leftindicator": "[",
          "rightindicator": "]",
  
          "emptyframe": "<:line2:902238559312941176>", 
          "filledframe": "<:line:902238699843096668>" 
        },
    
        "playing": "✅", 
        "pruning": "<:dustbin:902239647713878036>",
        "equalizer": "✅",
        "cleared": "✅", 
        "leave_on_empty": "<:error:902236340781985842>", 
        "time": "<a:Clock:902426520990134272>",
        "premium": "<:premium:902423229166133258>", 
        "song_by": "<:song:902425307141783582>",
        "requested_by": "<:user:902424997522440232>", 
        "setup": "<:setup_y:902424852634419201>", 
        "dj": "<a:DJ:902239413050933268>",
        "bot": "<:Bot:902424417529892906>", 
        "search": "<a:search:902424202072690688>", 
        "resume": "⏯️",
        "pause": "⏯️", 
        "lyrics": "📝", 
        "disk": "<a:music:902422839544672296>", 
        "ping": "<:Ping:902424057805418496>",
        "warn": "<:error:902236340781985842>",
    
        "rewind": "◀️", 
        "forward": "▶️", 
        "pause_resume": "⏯️", 
        "stop": "⏹️", 
        "previous_track": "⏮️", 
        "skip_track": "⏭️", 
        "replay_track": "🔁", 
        "reduce_volume": "🔉", 
        "raise_volume": "🔊", 
        "toggle_mute": "🔇",
        "repeat_mode": "🔁",
        "autoplay_mode": "♾️", 
        "shuffle": "🔀", 
        "show_queue": "📝", 
        "show_current_track": "▶️"
      },
      "categories": {
        "AnimatedDiscord": "<a:discord:903140028149018674>",
        "Settings": "<a:settings:902409566107623465>",
        "Playlist": "📝",
        "Playing": "<:Music:932306779570847794>",
        "AstrozMusic": "<a:music:902422839544672296>",
        "Premium": "<:premium:902423229166133258>",
        "Cash": "<:premium:902423229166133258>",
        "Info": "<:info:902423332673179688>",
        "Owner": "<:Developer:902423533873930261>"
      }
    }

    